Score,MAE
0.7794281690759945,1.0169007459420396
