Score,MAE
0.7849884875190286,1.0088632854685071
