Score,MAE
0.7815749841316636,1.0149163179853073
